,0,1,2
0,0.0,0.0,0.0
1,0.20302192770802505,0.25707787595870324,0.5399001963332732
2,0.36358043227366965,0.6097214402495912,0.02669812747673907
3,0.015584308692879382,0.4380151414892671,0.5464005498178531
4,0.25266928400367333,4.144584235887633e-05,0.7472892701539681
5,0.25834046927940946,0.19208236038041024,0.54957717034018
6,0.7946622676082694,0.1630494285238643,0.04228830386786637
7,0.41804483989608554,0.2125783036594684,0.36937685644444695
8,0.38870132973531396,0.4825072051271323,0.12879146513755427
9,0.05968568163994994,0.2367199186126019,0.7035943997474479
10,0.28943643700347504,0.40052574885388126,0.3100378141426434
11,0.6898552182128556,0.2979041352124715,0.012240646574673041
12,0.469306828588406,0.18822060320513437,0.3424725682064599
13,0.05272078324473447,0.40771672574219536,0.5395624910130711
14,0.05741935703418012,0.11996055931845606,0.8226200836473639
15,0.16548511896673548,0.6152534518836762,0.2192614291495881
16,0.5083805965412748,0.0390589407752326,0.45256046268349226
17,0.06632571354786598,0.740973580083672,0.19270070636846176
18,0.6481077782595578,0.3165024775197222,0.035389744220720484
19,0.20818458600960904,0.687483317393481,0.10433209659690994
20,0.1388375224759386,0.633911503452616,0.22725097407144512
21,0.16728687995013758,0.4374906654918728,0.3952224545579887
22,0.13838480594831873,0.57009694891958,0.2915182451321009
23,0.3031030572994726,0.6788586112715859,0.018038331428941828
24,0.0439450257783782,0.10784983879235871,0.8482051354292632
25,0.19857127431262725,0.7472571521046008,0.05417157358277181
26,0.24757782477467477,0.5964666505615953,0.15595552466372975
27,0.714944420163443,0.20827776444203483,0.0767778153945222
28,0.3412269902111301,0.5275615861317319,0.13121142365713853
29,0.29830995763098844,0.29638366003799577,0.40530638233101596
30,0.6622222235624696,0.003437726746817008,0.334340049690713
31,0.5752748415589187,0.2691788402105037,0.15554631823057744
32,0.39528387819167227,0.5041889782860064,0.10052714352232117
33,0.7839525054501834,0.09741196758390817,0.11863552696590836
34,0.03156099024951787,0.007435634298558513,0.9610033754519233
35,0.4569519416483081,0.341822528408899,0.2012255299427932
36,0.17952064358949302,0.04784002479093569,0.7726393316195712
37,0.6220021065288888,0.05379323514283488,0.3242046583282768
38,0.01350749770300347,0.01715866091544526,0.9693338413815514
39,0.18554088623262388,0.25416839824842496,0.560290715518951
40,0.12698460806847828,0.7986710639612038,0.07434432797031798
41,0.5782956618603508,0.24417486272874522,0.1775294754109039
42,0.6466737987348071,0.22951658382118295,0.1238096174440098
43,0.5050411603305957,0.4193791173869896,0.0755797222824144
44,0.1258021679306558,0.7790083066729332,0.09518952539641105
45,0.4463327512569826,0.4487705091931018,0.10489673954991588
46,0.45831501925410634,0.47080494762654224,0.07088003311935163
47,0.39093182434270257,0.49573424610144134,0.11333392955585618
48,0.09346601016338875,0.6768175632316555,0.22971642660495542
49,0.05493663109205777,0.3791837727371377,0.5658795961708044
50,0.05713192800534401,0.07463974818208015,0.8682283238125756
51,0.6067624914527495,0.025562522379119643,0.367674986168131
52,0.5784478583198849,0.21621371033071418,0.20533843134940097
53,0.2641910075004093,0.5139428764352533,0.22186611606433754
54,0.10577277220916094,0.7734875461920879,0.12073968159875133
55,0.4504083432250295,0.246729210345148,0.30286244642982246
56,0.07518032622480363,0.4286263486062715,0.4961933251689244
57,0.5827673318563298,0.17387686127036336,0.24335580687330705
58,0.13204044661237316,0.18355413586241662,0.6844054175252098
59,0.696113296261077,0.2727392047231095,0.03114749901581184
60,0.5496868242048439,0.0724777638442592,0.377835411950897
61,0.3792679587222864,0.377201795314919,0.24353024596279452
62,0.24326097623286175,0.6075663920167029,0.1491726317504352
63,0.4406817410504908,0.4261416926824588,0.1331765662670505
64,0.12855934479949294,0.7379827537461143,0.13345790145439324
65,0.34636034402594285,0.1958788148999946,0.45776084107406256
66,0.4031041989290255,0.5520541433527251,0.044841657718249606
67,0.36873801489675534,0.6303517216596585,0.0009102634435861171
68,0.03249381607454893,0.13605723703497016,0.8314489468904811
69,0.664609413117628,0.10708213054223761,0.22830845634013427
70,0.30216231740707594,0.6255703223592379,0.07226736023368693
71,0.21945865046462346,0.5027062784789854,0.2778350710563911
72,0.2528412285763239,0.6169758855670797,0.13018288585659568
73,0.4064529090595311,0.1883458772613414,0.40520121367912726
74,0.6546173728928911,0.1813460585818342,0.16403656852527476
75,0.17735290182321933,0.5758425121666245,0.24680458601015626
76,0.2531244017008604,0.2691839714486975,0.4776916268504419
77,0.21873506980415916,0.24176831188270034,0.5394966183131408
78,0.0709470896420242,0.7593180018515183,0.16973490850645745
79,0.08142449396401073,0.023941931699121413,0.8946335743368673
80,0.36589978573838616,0.4057533425790692,0.2283468716825445
81,0.4490319741174741,0.45268331111610094,0.09828471476642506
82,0.36903044019965986,0.5379377235040121,0.09303183629632807
83,0.16743293773215667,0.5478445850786067,0.28472247718923654
84,0.5776813154682086,0.3464228728330646,0.07589581169872725
85,0.41673520127179764,0.5804138315584458,0.002850967169756525
86,0.6204832047058357,0.10769308176222582,0.27182371353193846
87,0.841054899843549,0.017014685177826852,0.14193041497862371
88,0.9021413337589959,0.018386045437123952,0.07947262080387994
89,0.22499259893186432,0.0500739881538372,0.7249334129142986
90,0.07471559053374782,0.15484415584542002,0.7704402536208312
91,0.4196045564964471,0.3384846945400699,0.2419107489634826
92,0.2933222831908972,0.6581404938984651,0.048537222910637154
93,0.6926432629433624,0.2770867921377463,0.03026994491889122
94,0.5037650242603414,0.18808806969121267,0.3081469060484457
95,0.4995573000713538,0.43195281500893734,0.06848988491971
96,0.14232741410424243,0.13637108859790245,0.7213014972978552
97,0.15130374048561887,0.05699313060926111,0.7917031289051201
98,0.19511241184954528,0.07563541650413891,0.7292521716463157
99,0.5761914877379356,0.22135038389657533,0.2024581283654896
100,0.26967543290225404,0.7019960295737517,0.028328537523994085
101,0.19829641206792376,0.7158035532467074,0.08590003468536919
102,0.31795130305710245,0.42203906236768757,0.2600096345752096
103,0.5556262965784659,0.3402333997005996,0.10414030372093447
104,0.10451051016935596,0.5552701522142427,0.3402193376164013
105,0.2544635904366001,0.18278593847670513,0.5627504710866947
106,0.5173524376185263,0.4120550414737067,0.07059252090776671
107,0.0779520187437169,0.7194994965800687,0.20254848467621425
108,0.6595541046985067,0.24445113574880548,0.09599475955268794
109,0.3508977233416288,0.09621971382221682,0.5528825628361544
110,0.24595158438413176,0.7246177553403468,0.02943066027552105
111,0.3074671491987584,0.6699501589880924,0.022582691813149328
112,0.7905772928868225,0.09014863525612721,0.11927407185705076
113,0.6334815963015293,0.1351280484909313,0.2313903552075395
114,0.25897716119738984,0.4192364460559193,0.3217863927466907
115,0.5083946233165435,0.2513770682764124,0.2402283084070444
116,0.7230715511296544,0.04427996573940723,0.23264848313093872
117,0.44375282441939146,0.34370500297051865,0.21254217261009029
118,0.3022792957195505,0.007876034307088966,0.6898446699733602
119,0.2287348021601858,0.424681516059285,0.34658368178052895
120,0.3700265705319565,0.35869880697599743,0.2712746224920464
121,0.02245820255317464,0.26701607092007684,0.7105257265267481
122,0.32961722288248246,0.1938260400604209,0.47655673705709667
123,0.31490480112949476,0.4015481379863312,0.28354706088417414
124,0.5463470749800334,0.020909025278501102,0.4327438997414653
125,0.5151143362291246,0.32117406653813574,0.16371159723274006
126,0.6237707040032618,0.0706080923364281,0.30562120366031004
127,0.026893766371909,0.015413649094445803,0.9576925845336454
128,0.4787115259207964,0.3609397854557168,0.16034868862348642
129,0.004558018585107495,0.35467875937647964,0.640763222038413
130,0.3457776138441316,0.09177677929340597,0.5624456068624637
131,0.46153719282234895,0.018529799989333736,0.5199330071883174
132,0.4558295913274603,0.42973837986427377,0.11443202880826582
133,0.2014884757589839,0.5898038805300525,0.2087076437109638
134,0.24649310456927706,0.7167013815226064,0.03680551390811638
135,0.08896674978839056,0.7686174103643955,0.1424158398472138
136,0.06170911964623044,0.0918247380170817,0.846466142336688
137,0.13379850013233738,0.04201437135399055,0.8241871285136723
138,0.21729879984283415,0.2915074580244151,0.4911937421327509
139,0.4133752452538239,0.1611124354237608,0.4255123193224153
140,0.7464930754667604,0.21894522563922442,0.0345616988940151
141,0.15589784036127485,0.2939894885104323,0.5501126711282934
142,0.3684292798403612,0.03894276312558761,0.5926279570340509
143,0.4616611405892407,0.15838053069260455,0.37995832871815494
144,0.09222706334168765,0.8742472590818017,0.03352567757650972
145,0.2804002531136455,0.3506240844928047,0.36897566239354995
146,0.1793684376158185,0.29491753166007534,0.5257140307241059
147,0.14907752839402186,0.15882138809954255,0.6921010835064356
148,0.34485827586454265,0.18356848882896465,0.4715732353064925
149,0.37450656250567127,0.4894367590249098,0.13605667846941918
150,0.4095971445838007,0.5435592067848364,0.04684364863136321
151,0.1876605210711458,0.05839672136760867,0.753942757561245
152,0.23631758302441166,0.010352232252005633,0.7533301847235828
153,0.1294189657821102,0.08916071220480348,0.7814203220130865
154,0.35039395712542976,0.6363249770389118,0.013281065835658572
155,0.26141482848791764,0.6554707944850278,0.08311437702705446
156,0.35823029614963947,0.4972261303305479,0.14454357351981267
157,0.32443566132265106,0.159829227879735,0.5157351107976138
158,0.3559648964444966,0.31501092376966505,0.32902417978583826
159,0.19707553198484676,0.1963404571167131,0.6065840108984409
160,0.34165875329123296,0.24936926685590238,0.4089719798528651
161,0.23009528223308492,0.33637466267674865,0.43353005509016623
162,0.5432534611151365,0.42074547069385887,0.036001068191004786
163,0.6365197542462908,0.15501711341644125,0.20846313233726801
164,0.22905968951529795,0.14632115086311362,0.624619159621588
165,0.7228608652126803,0.07920019810895135,0.1979389366783685
166,0.3973320752445284,0.35750341098913124,0.24516451376634044
167,0.3347579372570328,0.6611744692737362,0.004067593469231206
168,0.16351410643287057,0.4002689136137631,0.43621697995336645
169,0.5124422774658445,0.09378510409918818,0.3937726184349675
170,0.658908189184706,0.16115618996460665,0.17993562085068734
171,0.5994686567485555,0.03520739221774109,0.3653239510337036
172,0.06138059184485493,0.927741998698271,0.010877409456873979
173,0.4227299570626007,0.23238398599795215,0.3448860569394468
174,0.1893544618581199,0.07077315805119212,0.7398723800906879
175,0.6055193893111165,0.32020170521753155,0.0742789054713518
176,0.602048214371441,0.2714618424227084,0.1264899432058511
177,0.005061327561772273,0.7861706692932342,0.20876800314499308
178,0.19167292161454128,0.5879761892544951,0.22035088913096396
179,0.045129530373021746,0.42546403376637704,0.5294064358606015
180,0.08111521788878544,0.10299130824851845,0.8158934738626958
181,0.006467894967636747,0.8573520329592561,0.13618007207310492
182,0.37259426535845996,0.07604388116029845,0.5513618534812414
183,0.3491635692287368,0.4324818987625148,0.21835453200874844
184,0.4214316773094963,0.5216488880208388,0.05691943466966515
185,0.0949146705489999,0.7315906159767582,0.17349471347424159
186,0.35628213438846923,0.1911886558804323,0.452529209731098
187,0.47797309644551367,0.3631664960511519,0.1588604075033344
188,0.453317661065503,0.2955657069252253,0.2511166320092721
189,0.5757073981315665,0.3659775099320714,0.058315091936362154
190,0.26431357840746217,0.4981479869396177,0.23753843465292027
191,0.42706465894438156,0.36629328863773936,0.20664205241787914
192,0.22913884059796774,0.17712146084069877,0.5937396985613337
193,0.3126027832765399,0.2473546795142882,0.4400425372091725
194,0.30323743950686843,0.45443141869860837,0.24233114179452334
195,0.5984584488324443,0.04865163905281499,0.3528899121147411
196,0.6304349418296271,0.3356890681337904,0.033875990036581954
197,0.47803218053906055,0.24331685542310721,0.2786509640378322
198,0.16310125346094428,0.6463728506725465,0.19052589586650914
199,0.06900848804986888,0.29297016811120996,0.6380213438389211
200,0.6999347696268151,0.254813082374378,0.045252147998805684
201,0.447112316608408,0.4688580499402674,0.08402963345132393
202,0.09553804847470043,0.8535651797220077,0.05089677180329193
203,0.4437376431741302,0.3318704109242621,0.22439194590160733
204,0.29086893474828845,0.21629151357669846,0.4928395516750131
205,0.35123512402903573,0.454103841210182,0.19466103476078228
206,0.07193930908471376,0.6823206090203221,0.24574008189496463
207,0.5960407180005795,0.2874777514275998,0.11648153057182076
208,0.17983520912062947,0.5866573787123789,0.23350741216699158
209,0.22829371979038743,0.11135991935153408,0.6603463608580785
210,0.6322362082025189,0.11991039544490023,0.24785339635258147
211,0.05147671722782523,0.29416667247419376,0.654356610297981
212,0.1414343554235537,0.0074082991792237055,0.8511573453972227
213,0.3949598641197361,0.18340488502424585,0.421635250856018
214,0.27040173710771365,0.662599314745731,0.06699894814655574
215,0.7692173069804246,0.08555448614389137,0.1452282068756836
216,0.5540145278995279,0.21359916795229428,0.2323863041481777
217,0.09133964159205654,0.5128350844659094,0.3958252739420341
218,0.6136296001358144,0.18406563034812992,0.2023047695160563
219,0.049038238732385116,0.05630895611133758,0.8946528051562773
220,0.7741671160482511,0.03838487275194054,0.1874480111998081
221,0.5677442713207768,0.3393803347228973,0.09287539395632612
222,0.19314820823221854,0.6705901454533479,0.13626164631443433
223,0.42159309626234853,0.42614203977447107,0.15226486396318079
224,0.830989479979673,0.07254207671710598,0.09646844330322048
225,0.21777184428696997,0.0014190342920221987,0.7808091214210077
226,0.11957366586251059,0.42218940662706284,0.4582369275104265
227,0.6429227610929519,0.18423417674609088,0.1728430621609572
228,0.41534328381324226,0.011236140057013419,0.5734205761297444
229,0.22404614665451547,0.3995751888095794,0.3763786645359052
230,0.3084733047235935,0.14693683823897663,0.5445898570374298
231,0.5976906302335508,0.34307225847588024,0.0592371112905691
232,0.253278968261142,0.5259079787246824,0.2208130530141756
233,0.14685774313785688,0.007969121069624469,0.8451731357925195
234,0.48212545188057054,0.3112058759236051,0.206668672195825
235,0.3370388379037599,0.599071063363659,0.06389009873258089
236,0.5246001279910489,0.30008682149572646,0.1753130505132241
237,0.21403537375508228,0.5542162654750878,0.23174836076982983
238,0.5450963136951777,0.3930467928513622,0.06185689345345995
239,0.17993761666096286,0.01026949704385789,0.8097928862951803
240,0.056142471952229385,0.22256244865442784,0.7212950793933429
241,0.7662407239998511,0.10025009646827177,0.13350917953187716
242,0.6977423396548251,0.04846370815775105,0.2537939521874239
243,0.8519845339264362,0.043559057315974835,0.10445640875758842
244,0.5085439019801398,0.1658265120441889,0.3256295859756709
245,0.4341885875082615,0.5555534064999459,0.010258005991792586
246,0.34316606077044953,0.1418489056443731,0.5149850335851779
247,0.3948102224397197,0.10829288372709667,0.49689689383318364
248,0.6870009333222398,0.11685610045587265,0.19614296622188726
249,0.33275416354887427,0.17950528596087897,0.4877405504902466
250,0.19888122503989056,0.48422527449033603,0.31689350046977294
251,0.5531459600964168,0.3021565479368448,0.14469749196673848
252,0.2188638170567689,0.04982271859950951,0.7313134643437216
253,0.17869323590513436,0.31853638801046413,0.5027703760844016
254,0.4455193656843701,0.31439044350537165,0.2400901908102584
255,0.11516012738276654,0.3250319967024372,0.5598078759147966
256,0.7051074679332153,0.08955387508248241,0.2053386569843025
257,0.3705215711468766,0.24630118575979776,0.3831772430933259
258,0.5530879746233514,0.2993201496170661,0.1475918757595826
259,0.3034765853598441,0.6299679735470922,0.06655544109306322
260,0.4522170923709466,0.10809646141918229,0.4396864462098711
261,0.23020575753570766,0.06045601789855256,0.70933822456574
262,0.18708545065101964,0.6921580044109267,0.12075654493805349
263,0.30759727991167624,0.05024785964614831,0.6421548604421756
264,0.21636661881391145,0.1009719879996031,0.6826613931864853
265,0.21007668791891201,0.2155610206162349,0.5743622914648527
266,0.2272230868082949,0.7188046671767252,0.05397224601498005
267,0.4114131581174828,0.14932048120134078,0.43926636068117636
268,0.2573384613098651,0.5624733232063933,0.18018821548374125
269,0.04941108690100535,0.5719683277042286,0.3786205853947661
270,0.08612685193540187,0.0355892796567426,0.8782838684078551
271,0.5464737025847342,0.3205192077778343,0.13300708963743085
272,0.18970077305460334,0.11545049042190861,0.6948487365234877
273,0.30671369206619287,0.5367504958212671,0.15653581211253992
274,0.07498524017029753,0.12160179278599441,0.803412967043708
275,0.7610513224749238,0.14401174286877463,0.09493693465630176
276,0.47012009352362416,0.4909766071149705,0.03890329936140445
277,0.042392486748884115,0.8718715126772406,0.08573600057387554
278,0.5685810602910079,0.26598306853918746,0.16543587116980452
279,0.1728088229663388,0.6290235443418842,0.19816763269177756
280,0.37111021088174795,0.25619733623584146,0.3726924528824102
281,0.2615028515909602,0.46051941053194007,0.2779777378770996
282,0.43355795835072897,0.5230495507899879,0.0433924908592833
283,0.375185631417487,0.2778600141249096,0.3469543544576033
284,0.8831866825246942,0.06661944855906936,0.05019386891623661
285,0.41823499303521916,0.45790244745541786,0.12386255950936291
286,0.2485767267749227,0.14376376529506485,0.6076595079300131
287,0.5875430978364404,0.36383252755256246,0.04862437461099745
288,0.41185513375938704,0.278123323925141,0.3100215423154719
289,0.15657009478241943,0.8394930285171576,0.003936876700423285
290,0.1657952503345484,0.6310906307233204,0.20311411894213113
291,0.2656296018565497,0.45676950683132933,0.2776008913121216
292,0.40801638021449327,0.27140298922309264,0.3205806305624143
293,0.26187569946865347,0.46802166516470617,0.2701026353666408
294,0.5240585778051952,0.2827755510571708,0.1931658711376334
295,0.1607242869069379,0.27816521806822114,0.5611104950248409
296,0.3917542422107651,0.14714395509747805,0.46110180269175705
297,0.3876250289980654,0.4240575605616942,0.18831741044024003
298,0.4786020789590407,0.13163783553277694,0.3897600855081822
299,0.3409347172261617,0.5493558347109043,0.10970944806293391
300,0.15668391828689668,0.325813078994696,0.5175030027184073
301,0.2552010647135298,0.5087742942371816,0.23602464104928816
302,0.19240534814033833,0.6316510200878401,0.17594363177182137
303,0.2942223484289778,0.5274770654092169,0.17830058616180583
304,0.5444255756249171,0.4460780104064197,0.00949641396866307
305,0.2622078364617827,0.25092020075288846,0.4868719627853292
306,0.21425862748475272,0.44662330030949443,0.3391180722057526
307,0.310606132562171,0.24400486351064,0.4453890039271889
308,0.5017186513150499,0.3103798801392231,0.18790146854572684
309,0.4186311405090715,0.2487518673860148,0.33261699210491363
310,0.16318393541920248,0.4726197011643327,0.364196363416465
311,0.14245692329456305,0.7205451964421191,0.13699788026331908
312,0.021108853578358927,0.02186542253107715,0.9570257238905638
313,0.6170685294482398,0.15892531537111557,0.22400615518064534
314,0.5581960567836673,0.08825452340499325,0.353549419811339
315,0.5281838587927571,0.23658768391359383,0.235228457293649
316,0.12520515906542068,0.3896675168815523,0.4851273240530274
317,0.049195308820120874,0.8081940765391064,0.14261061464077243
318,0.653306586479406,0.18549092089107974,0.1612024926295137
319,0.3904717372856717,0.5174955127043227,0.0920327500100055
320,0.44280381086264226,0.40863219721180394,0.14856399192555433
321,0.17180303439208153,0.5899019318164896,0.2382950337914285
322,0.14966737566374466,0.2777908757843621,0.5725417485518933
323,0.1731727830936013,0.7524249747283008,0.07440224217809838
324,0.29402722558291017,0.12482563709554584,0.5811471373215443
325,0.3635635447581152,0.4599338063998064,0.17650264884207822
326,0.36182563368950155,0.26036460806336187,0.37780975824713714
327,0.30933331729697305,0.6342318253242041,0.05643485737882293
328,0.6271229727144213,0.22965435903614032,0.14322266824943913
329,0.01001752331406139,0.8766251248604043,0.11335735182553384
330,0.6031482352306796,0.046717753089541944,0.35013401167977853
331,0.2917918122308344,0.2982934421967528,0.4099147455724125
332,0.5259654265617207,0.055412800025655275,0.4186217734126236
333,0.12328880485755103,0.8619218922340693,0.014789302908379631
334,0.14780776888078598,0.6979371019694468,0.1542551291497655
335,0.5582750974124485,0.09765788479199523,0.34406701779555615
336,0.10604691918364696,0.6161871290833447,0.27776595173300855
337,0.607368831431151,0.041421613476461,0.351209555092388
338,0.3257591328215287,0.1812194928972814,0.49302137428119003
339,0.35740066488702665,0.10593262070872757,0.536666714404246
340,0.4049572218940394,0.09229116437030596,0.5027516137356548
341,0.22628523881693252,0.2689178360526186,0.504796925130449
342,0.4152945607184415,0.3682460521265205,0.2164593871550383
343,0.5160621493304758,0.1852041523389822,0.2987336983305415
344,0.3033865205082549,0.4813733151529769,0.21524016433876886
345,0.38420635907304695,0.5047702921595699,0.11102334876738264
346,0.5343876515990723,0.2876118219833301,0.17800052641759687
347,0.1830312583235038,0.27983317856318196,0.5371355631133143
348,0.08808436249445875,0.3152066495171861,0.5967089879883553
349,0.6560271837110072,0.10782712169556186,0.23614569459343132
350,0.2334598199882422,0.14558293812072437,0.6209572418910333
351,0.7658670513628899,0.17089710991959275,0.06323583871751723
352,0.5787761881300759,0.15762316958898048,0.26360064228094354
353,0.4103387757980159,0.4741095416496182,0.11555168255236598
354,0.1713700088848346,0.7078086378965943,0.12082135321857103
355,0.5493135804436698,0.41871630681098637,0.03197011274534391
356,0.08574692300124982,0.6637317713995279,0.2505213055992222
357,0.6054947710446126,0.04458710029701999,0.3499181286583675
358,0.36519167582973094,0.1854850230765453,0.44932330109372365
359,0.40386945201853386,0.254583013168366,0.3415475348130999
360,0.4195368760500387,0.25316516967511793,0.32729795427484354
361,0.3160291894053712,0.5025449026991488,0.18142590789548
362,0.05695995227142815,0.09872587367717968,0.8443141740513921
363,0.2189073659185394,0.4538487684800452,0.3272438656014153
364,0.6149032696708339,0.2843949546650629,0.1007017756641029
365,0.0809752754787008,0.7014041022823415,0.217620622238958
366,0.029842003287974966,0.007499786001375273,0.9626582107106498
367,0.39946880518028016,0.16003007616454068,0.4405011186551791
368,0.3217829344961268,0.5549219371385007,0.12329512836537256
369,0.5934578826910099,0.20352798893676027,0.20301412837222993
370,0.3098045262423101,0.4510301694322408,0.23916530432544952
371,0.5198219378542915,0.02947665914946119,0.4507014029962474
372,0.35349924555213214,0.052432274095736,0.5940684803521322
373,0.1342082714308706,0.7139043037391573,0.15188742482997264
374,0.3292206916501145,0.41776497905331006,0.25301432929657625
375,0.5557098123134062,0.07092627482436875,0.3733639128622248
376,0.2276732461248857,0.7566321805079936,0.01569457336712066
377,0.5061820237315554,0.057137883897106945,0.43668009237133765
378,0.461182009038469,0.537188827972864,0.0016291629886676644
379,0.4160345021902236,0.2384278209431862,0.34553767686659037
380,0.18913596576225772,0.6114444336989372,0.19941960053880473
381,0.2825275819381743,0.258740490774328,0.4587319272874978
382,0.27268277345676456,0.40005829780959806,0.3272589287336369
383,0.43066000550702577,0.016236762185232977,0.5531032323077409
384,0.11959780392488792,0.8791111055503,0.0012910905248119512
385,0.13175813649395637,0.4820459829979258,0.38619588050811926
386,0.8028886051192885,0.13087679697600396,0.06623459790470744
387,0.3357393428601494,0.3794876882063337,0.28477296893351656
388,0.5940323281368064,0.10189219247793423,0.30407547938525936
389,0.522458152327868,0.15371132218874436,0.3238305254833873
390,0.12283725584755792,0.07757102034921934,0.7995917238032229
391,0.4238284840677969,0.20196698739097863,0.3742045285412248
392,0.17676625733521006,0.16402443826341373,0.6592093044013767
393,0.8291365820695071,0.08100947811142147,0.0898539398190721
394,0.33537477715246683,0.16706306580018926,0.4975621570473437
395,0.31662443689299097,0.1346515777936119,0.5487239853133973
396,0.6853010898025135,0.08709049009261206,0.2276084201048741
397,0.2552693211871358,0.17462805642458049,0.5701026223882841
398,0.45009182749245347,0.20961305750180803,0.3402951150057386
399,0.8218570367214528,0.015361247923430008,0.16278171535511748
400,0.47671074029895355,0.47918825057623166,0.04410100912481464
401,0.3901866297830922,0.3911094013694481,0.21870396884745918
402,0.41218899966210965,0.24498593970928048,0.34282506062860996
403,0.17326415055789843,0.24708818650328399,0.5796476629388174
404,0.2572508485951288,0.671307961921145,0.07144118948372603
405,0.007660759358724753,0.6372549405034684,0.35508430013780895
406,0.5150017125039652,0.406840909613293,0.07815737788274188
407,0.504651025557831,0.47310970692615506,0.022239267516013548
408,0.11412643796349509,0.2420595869687652,0.6438139750677394
409,0.28489593403561553,0.5647810653834738,0.1503230005809101
410,0.1334890249551558,0.6328114144328685,0.23369956061197567
411,0.7335826807409039,0.05710812827662262,0.20930919098247344
412,0.1841122518607777,0.6170249813018163,0.19886276683740592
413,0.47076114527173435,0.5252334936852379,0.004005361043027824
414,0.3729327088448647,0.2735187054473035,0.35354858570783193
415,0.48352712805609727,0.10816528207986309,0.4083075898640401
416,0.30047878805198003,0.15083966079678596,0.5486815511512346
417,0.27345367597392856,0.4733347357488599,0.2532115882772114
418,0.06853252298815625,0.35512199565629743,0.5763454813555462
419,0.2914770209363537,0.3000558192527668,0.40846715981087933
420,0.7340278226092029,0.10549977335784311,0.16047240403295376
421,0.38293458410173764,0.07288037327429048,0.5441850426239722
422,0.330951907170336,0.520588816318573,0.1484592765110911
423,0.3211424987233089,0.6004596221617498,0.07839787911494106
424,0.01037857891297195,0.4399332186473286,0.5496882024397001
425,0.17368942570493906,0.51395528139078,0.31235529290428155
426,0.43363432595345175,0.477098890970084,0.08926678307646493
427,0.04514483933986041,0.006186575545255791,0.9486685851148837
428,0.5562605300006153,0.21555568269021583,0.2281837873091688
429,0.4578614877164661,0.2750605698706239,0.26707794241290894
430,0.44747250820322876,0.3161044950704403,0.2364229967263312
431,0.6004202411801152,0.3543440528397089,0.04523570598017626
432,0.41498651639304146,0.3008351375304204,0.2841783460765382
433,0.40705202476309704,0.14913627490699263,0.44381170032991085
434,0.29453943468798394,0.04685173112293798,0.6586088341890782
435,0.30567577915218497,0.21646575808820173,0.47785846275961275
436,0.5306523247204864,0.23013677626073442,0.23921089901877904
437,0.38071574250954504,0.30658206474893157,0.3127021927415231
438,0.12901347242787833,0.13538807294846286,0.7355984546236582
439,0.21041862076038415,0.7032354254267857,0.08634595381283043
440,0.16105339841451077,0.019277580692912088,0.8196690208925773
441,0.5449846665020994,0.37743913331983825,0.07757620017806227
442,0.17858551066561365,0.5878544129553134,0.2335600763790735
443,0.14135240382632777,0.23122476972865771,0.6274228264450143
444,0.39773511433816466,0.38796573441345944,0.21429915124837584
445,0.04000485565460445,0.5628325155919275,0.3971626287534682
446,0.11174607045544814,0.6649959191851793,0.22325801035937257
447,0.4435250882634266,0.2437600314623412,0.31271488027423255
448,0.13677231411250979,0.30870042610132226,0.5545272597861682
449,0.16355928071991246,0.0594441507514067,0.7769965685286802
450,0.2128273176344273,0.4176528861918452,0.36951979617372765
451,0.1953107274040779,0.14861804062419282,0.6560712319717293
452,0.3266002288459999,0.36831101457623616,0.3050887565777637
453,0.4175231951727761,0.1784010612885604,0.40407574353866266
454,0.20667836740616388,0.7199187490888247,0.07340288350501169
455,0.7363885526774917,0.17200777990724933,0.09160366741525952
456,0.8443609658040844,0.026440766563504164,0.129198267632412
457,0.21152437587974465,0.32082737058440214,0.4676482535358539
458,0.16744599856525988,0.6244203744633969,0.20813362697134438
459,0.38680803965607463,0.3842256390420828,0.22896632130184302
460,0.27393026788437014,0.548709076833733,0.17736065528189682
461,0.3841660022223266,0.4623488938528578,0.15348510392481582
462,0.06053696290819264,0.20611872577261944,0.7333443113191881
463,0.22687923412399622,0.7346649257330058,0.03845584014299866
464,0.15004404374876906,0.3486485507601173,0.5013074054911139
465,0.42092524079309374,0.5649345719739489,0.01414018723295693
466,0.7007342345869575,0.045889289494431065,0.2533764759186111
467,0.2115610802548552,0.5463710907208972,0.24206782902424748
468,0.21634191323591906,0.32916845167439285,0.4544896350896882
469,0.06854238494243646,0.10466412611502338,0.8267934889425395
470,0.6310136873824216,0.3545156070226833,0.01447070559489524
471,0.15427498054852948,0.06295972971114991,0.7827652897403202
472,0.127657823472112,0.031090428906854387,0.8412517476210349
473,0.27834752125000195,0.0925193449767865,0.6291331337732115
474,0.5187279346890715,0.2914701441832772,0.18980192112765268
475,0.24920053162384925,0.2779129829155657,0.472886485460585
476,0.35392917613097463,0.3870347587527669,0.25903606511625865
477,0.14330908988515323,0.17724152776838445,0.6794493823464626
478,0.3889669755027651,0.3066006690443467,0.3044323554528884
479,0.3061779073027687,0.5712829478151386,0.12253914488209328
480,0.1320359760923578,0.7884816417880506,0.0794823821195919
481,0.34248360820780904,0.34830090052136736,0.30921549127082365
482,0.18441091610594335,0.7638949799553458,0.05169410393871105
483,0.6810295900613533,0.10997731940649634,0.20899309053214984
484,0.016131426250403987,0.5423979619574971,0.4414706117920993
485,0.26264006659170513,0.3563073457668888,0.38105258764140604
486,0.5138169835634424,0.26915491643711165,0.2170280999994462
487,0.46478103599403825,0.1854218239396346,0.34979714006632767
488,0.8622423332529201,0.02471812817795629,0.11303953856912366
489,0.1870582001789935,0.07729890764991236,0.7356428921710938
490,0.1817336824909224,0.45542021622588386,0.3628461012831933
491,0.1986002760745387,0.2176914408911384,0.5837082830343231
492,0.6818816134698177,0.2994846950735951,0.01863369145658734
493,0.07037288269588862,0.2943312871370434,0.635295830167069
494,0.19058887241959008,0.4147316021625053,0.39467952541790485
495,0.5871300254062812,0.17157517475113024,0.24129479984258823
496,0.14818793302508732,0.5553000660212967,0.296512000953615
497,0.1463428828625958,0.5332336112175867,0.32042350591981866
498,0.4679919050716765,0.3144243972349743,0.21758369769334904
499,0.3511315209460191,0.39848295469780154,0.2503855243561788
500,0.3193197626942167,0.5573763951543458,0.12330384215143779
501,0.08757177476106713,0.6743902568511309,0.2380379683878029
502,0.4743677150486331,0.19851619823137975,0.32711608671998693
503,0.6076260593516979,0.2231611785356827,0.16921276211261915
504,0.20409356299759412,0.6255626043691435,0.1703438326332629
505,0.07097953822950041,0.7270617455614403,0.2019587162090599
506,0.3693850163503211,0.2531029109029098,0.3775120727467696
507,0.06862401341456723,0.0014014567010248572,0.9299745298844084
508,0.6544465855462658,0.11701562659138498,0.22853778786234902
509,0.046461938528970265,0.12220333392037835,0.8313347275506516
510,0.20623481522323467,0.3826297598382668,0.41113542493849903
511,0.2046985493879625,0.7502939848150567,0.04500746579698094
512,0.7438336060092203,0.007089516348108389,0.24907687764267156
513,0.3750108674338735,0.0014644047236908484,0.6235247278424356
514,0.15268976161501813,0.7898595197054451,0.05745071867953578
515,0.5001445721833135,0.3242173070683586,0.17563812074832819
516,0.5120497895813484,0.19493783155778402,0.2930123788608676
517,0.5879765774521125,0.2593499996002087,0.1526734229476784
518,0.48870463166896677,0.11573934953894963,0.3955560187920838
519,0.5618344880338316,0.07346428414148225,0.36470122782468645
520,0.034073733701986464,0.27005234408969486,0.6958739222083187
521,0.46075362556120364,0.4902180397435902,0.04902833469520594
522,0.652235200133544,0.1674001957700491,0.1803646040964068
523,0.24487962129623117,0.12026249311960889,0.6348578855841592
524,0.3966494021518878,0.4233118798644356,0.18003871798367777
525,0.33719412215748695,0.5131866154083988,0.14961926243411397
526,0.2714290085336963,0.2736829690218043,0.4548880224445002
527,0.3033200196807362,0.2562049691931546,0.44047501112610954
528,0.34691477708917123,0.3825290196329606,0.2705562032778677
529,0.3457458603448294,0.6247535159932467,0.02950062366192444
530,0.39056525013892335,0.5940571979217999,0.015377551939276398
531,0.14215402758123846,0.5663174903079058,0.29152848211085597
532,0.16908524072283412,0.07894803563806142,0.7519667236391046
533,0.3135464636080188,0.5465481886469834,0.13990534774499774
534,0.42375059459619224,0.21783233896502652,0.35841706643878146
535,0.6020784118561526,0.010939997167311893,0.38698159097653495
536,0.809596961748255,0.16551943252276916,0.024883605728975685
537,0.224316698364252,0.5999133260885652,0.17576997554718252
538,0.7164893482673235,0.25668698653241223,0.02682366520026466
539,0.054609360427450945,0.4118158183063431,0.5335748212662057
540,0.13261282436359426,0.742210127153429,0.1251770484829766
541,0.3728520803376365,0.1706298128961701,0.45651810676619287
542,0.6004651897598091,0.2598143975097136,0.13972041273047664
543,0.2855319370165491,0.6676704241629168,0.04679763882053404
544,0.21684327579813203,0.5837035973639189,0.19945312683794897
545,0.44652755853571485,0.5348652588328051,0.018607182631479778
546,0.17740239804671748,0.2693775370918966,0.553220064861386
547,0.3949675488000271,0.5577957634142605,0.04723668778571214
548,0.5044331881572952,0.24734494991280265,0.2482218619299016
549,0.6001245268632308,0.2526824152184069,0.14719305791836232
550,0.0014620763902666492,0.42206433148645184,0.5764735921232813
551,0.4562352510214905,0.33742434793903453,0.2063404010394753
552,0.5211551954567157,0.38690615465586203,0.09193864988742151
553,0.35066782162550203,0.17140449830886112,0.47792768006563674
554,0.4854283850898459,0.4216993465047624,0.09287226840539221
555,0.6695712939466314,0.04087758481372666,0.2895511212396421
556,0.0584183997369742,0.05948816362375245,0.8820934366392735
557,0.5050359664018866,0.21651474748002247,0.2784492861180911
558,0.45008900301785965,0.11295126803434788,0.4369597289477928
559,0.33675668622668453,0.23539751502668174,0.4278457987466338
560,0.5620516784386455,0.1706542629499675,0.26729405861138683
561,0.8070983197116502,0.1907771698693487,0.0021245104190014915
562,0.011789974124959211,0.3360956769150174,0.6521143489600237
563,0.08821659228895028,0.019516263407424905,0.8922671443036249
564,0.8065349283143256,0.1875763781441646,0.005888693541509756
565,0.08034539517367623,0.04637764569087769,0.873276959135446
566,0.33280179280240224,0.4702303084273936,0.19696789877020468
567,0.16607931968310488,0.5159838618894579,0.3179368184274364
568,0.194037342098385,0.660668887162411,0.14529377073920435
569,0.8616467673694078,0.04792415903124584,0.09042907359934603
570,0.10325466269808635,0.7452892684825855,0.151456068819328
571,0.03024646986592594,0.9613403636197939,0.00841316651427966
572,0.2253827564826977,0.7433638782187145,0.03125336529858764
573,0.34041244559696604,0.6511323893285459,0.008455165074487571
574,0.3119398376675308,0.3555944270758821,0.3324657352565878
575,0.1309015943794542,0.3256187905909249,0.543479615029621
576,0.20138370394727853,0.5078088895405302,0.2908074065121917
577,0.12253579740957175,0.5215904130007524,0.35587378958967497
578,0.16096070128997272,0.6332484771017796,0.20579082160824766
579,0.7008915528429326,0.28845701834600035,0.010651428811066895
580,0.36600945081902453,0.12994359975106193,0.5040469494299132
581,0.5877323316407432,0.1265444067619715,0.28572326159728495
582,0.4208581201762379,0.5014666540667949,0.07767522575696698
583,0.06816768156425695,0.05542827094119454,0.8764040474945486
584,0.2302451771115915,0.6899877477193478,0.07976707516906081
585,0.165805194837717,0.0938776655193443,0.7403171396429387
586,0.5304236551971906,0.2769454124950544,0.19263093230775485
587,0.2944473219052421,0.6474637169167569,0.05808896117800134
588,0.2938180124702545,0.1544624421614633,0.5517195453682813
589,0.47084224558539317,0.03944724566255503,0.48971050875205213
590,0.15872392776326746,0.3585219958198121,0.4827540764169207
591,0.7000632209719194,0.21964074636591432,0.08029603266216581
592,0.5987255394528535,0.14800645638527146,0.25326800416187534
593,0.4751504565649665,0.18683014907240011,0.33801939436263456
594,0.22490757486593796,0.7405805496581612,0.03451187547590041
595,0.2460000138084845,0.395015437681647,0.3589845485098686
596,0.502122705915462,0.3823412643305857,0.11553602975395234
597,0.08339506873530558,0.32327898450132214,0.5933259467633724
598,0.6532309642064547,0.2536521811467404,0.09311685464680504
599,0.178907659627507,0.1976581871849245,0.6234341531875687
600,0.40697849000998626,0.27333934447069647,0.31968216551931644
601,0.14181016975993235,0.6697132329510732,0.1884765972889954
602,0.1849018882499683,0.8066182880104197,0.00847982373961214
603,0.11563032226470503,0.33179014451140987,0.5525795332238851
604,0.21225529704059,0.22156061508215583,0.5661840878772545
605,0.3359920017566601,0.17753874182990587,0.4864692564134336
606,0.047396754542106845,0.42404589685565613,0.5285573486022368
607,0.03627331638803481,0.6846995968918026,0.27902708672016274
608,0.310994901102391,0.4840496894817111,0.2049554094158977
609,0.016677585264997966,0.3307922846145711,0.6525301301204305
610,0.3292853533543025,0.2770121156260851,0.39370253101961195
611,0.5725027120681812,0.14472317722356318,0.28277411070825587
612,0.3655549426891896,0.3740253307120231,0.2604197265987873
613,0.6609811492249011,0.09906427778500601,0.23995457299009323
614,0.28555491108562275,0.5010245065669903,0.2134205823473866
615,0.16426604357768282,0.31447944855963605,0.5212545078626817
616,0.19143522381936973,0.5778818867088057,0.23068288947182503
617,0.1197608228894461,0.8659985087249099,0.014240668385645182
618,0.5690874791254192,0.27528988515025304,0.15562263572432777
619,0.3599881150111408,0.27589281272167465,0.3641190722671842
620,0.6851299220126928,0.008153633247631836,0.30671644473967524
621,0.8197507767171739,0.11202578627083713,0.06822343701198964
622,0.34781045230767565,0.5442175381571301,0.10797200953519448
623,0.10123082676737051,0.4027705891004141,0.49599858413221576
624,0.3244271249857493,0.6228849289698895,0.05268794604436122
625,0.5872677152323597,0.35602245218029727,0.0567098325873432
626,0.13749946737071736,0.6007249848970094,0.26177554773227313
627,0.42585001364259156,0.5629732341762311,0.011176752181175942
628,0.050317282495588256,0.0024748324561130433,0.9472078850482987
629,0.6467965431622734,0.06877314752121276,0.2844303093165141
630,0.4412498417834031,0.4312348331996156,0.12751532501698137
631,0.5230534461513492,0.21320136660242062,0.2637451872462302
632,0.6032038919751979,0.14803138597117294,0.24876472205362957
633,0.429168252500132,0.4998569378464472,0.0709748096534211
634,0.4761369588788259,0.4406910482058806,0.08317199291529324
635,0.4945263937866966,0.22783763455243217,0.27763597166087145
636,0.5000682202881506,0.011659116731628116,0.4882726629802211
637,0.08225609641113416,0.4269884338667192,0.4907554697221468
638,0.2238142888951229,0.5857293726315231,0.19045633847335386
639,0.5261959011516762,0.08320008341221743,0.3906040154361057
640,0.31947087127700774,0.16018014736353042,0.5203489813594625
641,0.3563295431926726,0.33053298703641226,0.3131374697709154
642,0.014914910699813827,0.2985901912785041,0.6864948980216815
643,0.6429891332465207,0.2007574953481135,0.15625337140536574
644,0.026978425599206206,0.8102946393823678,0.16272693501842633
645,0.28595533685900826,0.41207146869457045,0.3019731944464212
646,0.706584423160768,0.1273400044684443,0.16607557237078788
647,0.4458280765273129,0.3861096684123989,0.16806225506028857
648,0.25841093627725065,0.39737394042185903,0.34421512330089044
649,0.5786176067143994,0.10852361814091205,0.31285877514468846
650,0.032597147954745435,0.5411123249298013,0.42629052711545334
651,0.03102590308998781,0.5197873891036215,0.44918670780639036
652,0.23321723622873292,0.7222520923666492,0.044530671404618014
653,0.06547159914566802,0.7407758460939935,0.1937525547603394
654,0.10220288065021273,0.5763111856231927,0.3214859337265948
655,0.4193846304089119,0.46057106935736364,0.1200443002337234
656,0.25470290369227194,0.5730396818264168,0.17225741448131124
657,0.20733659365514087,0.6363911563097419,0.15627225003511724
658,0.5724771957161017,0.361481971892465,0.06604083239143371
659,0.014220206297383162,0.8947857668341551,0.09099402686846127
660,0.09876119088239088,0.5988423189073797,0.3023964902102302
661,0.38448689785250045,0.280372725855434,0.3351403762920655
662,0.6473707477519557,0.3025723660646992,0.05005688618334525
663,0.7284491010167159,0.12449389338408544,0.14705700559919804
664,0.4672553748203182,0.2805827684225638,0.2521618567571185
665,0.8129815100003074,0.11789599797958192,0.06912249202011066
666,0.5785170996158989,0.34176996220824374,0.07971293817585706
667,0.6757053983732032,0.2172722432207269,0.10702235840606963
668,0.38944208087297844,0.2637377459074216,0.3468201732196001
669,0.47316301774267716,0.4569054694699841,0.06993151278733895
670,0.2915754249173744,0.10168654738614505,0.6067380276964807
671,0.49921286504584683,0.3378245732146097,0.16296256173954407
672,0.0863544282006822,0.32347108948811154,0.5901744823112067
673,0.40748888070102807,0.4576374788189919,0.13487364047998016
674,0.3817207772190985,0.2300920375076629,0.38818718527323837
675,0.4732748570447334,0.31150220867517353,0.2152229342800932
676,0.030502238597708554,0.4820692367188958,0.48742852468339604
677,0.12268767696176804,0.46288549829345793,0.41442682474477416
678,0.47588263039480394,0.48866445014693166,0.03545291945826439
679,0.4118131362151145,0.20215192816792593,0.3860349356169596
680,0.43673696766868797,0.335869691044524,0.2273933412867876
681,0.021714590668850484,0.5114603528303492,0.4668250565008003
682,0.5060443173429686,0.33980660090453124,0.15414908175249953
683,0.2800310277848996,0.6006992973116123,0.11926967490348828
684,0.32758675369456397,0.5132012188059432,0.15921202749949295
685,0.1032216453630302,0.531668741050533,0.3651096135864373
686,0.2164683329996398,0.03215749156672427,0.7513741754336366
687,0.39726204350746497,0.5647222834989858,0.03801567299354937
688,0.014004229174037451,0.00026552022700339486,0.9857302505989587
689,0.4348920251772394,0.15739428932060864,0.4077136855021519
690,0.28698716364599886,0.4732914058977268,0.2397214304562744
691,0.04351683349376641,0.06496775694276445,0.891515409563469
692,0.47186940993261073,0.264017603791977,0.26411298627541213
693,0.26453179961955425,0.5367954843617503,0.1986727160186965
694,0.335305952870964,0.30627647413178355,0.3584175729972513
695,0.3648934846198657,0.3768089297038775,0.2582975856762567
696,0.2191515715989334,0.21616820025453626,0.5646802281465301
697,0.11391559302971442,0.16432877770518042,0.7217556292651053
698,0.214372529647319,0.4479886064724838,0.3376388638801974
699,0.7517256894857569,0.23521015615330215,0.01306415436094112
700,0.5355824126247073,0.22763146462762385,0.23678612274766883
701,0.34550945512331815,0.1813621833037825,0.4731283615728995
702,0.025662050988737934,0.6389009010928121,0.33543704791844964
703,0.24388792260529277,0.5042839007599421,0.25182817663476514
704,0.644250249258523,0.07238094972642727,0.28336880101504924
705,0.3667958117055109,0.1201327471107031,0.513071441183786
706,0.3900300405696141,0.5542617479294006,0.05570821150098554
707,0.21165914278236045,0.6468191313991172,0.14152172581852276
708,0.4677337247522341,0.14412256155157538,0.38814371369619066
709,0.3569364799133718,0.27623573814963326,0.366827781936995
710,0.2495679452614049,0.686003783807081,0.06442827093151407
711,0.24852776690561362,0.4067235833239026,0.3447486497704838
712,0.35762105682172973,0.34031922506894696,0.3020597181093237
713,0.7200948378919831,0.07174325330285061,0.20816190880516666
714,0.6569776546852771,0.06624052937103467,0.2767818159436882
715,0.09786881758118275,0.6995694412188783,0.20256174119993864
716,0.08472532320490515,0.30770101723186133,0.6075736595632344
717,0.48749534950542667,0.36168435266522264,0.15082029782935005
718,0.509677868030977,0.004692796470179009,0.485629335498844
719,0.03753419154348234,0.7025638539781359,0.25990195447838166
720,0.3424477951966256,0.38239320545421873,0.27515899934915555
721,0.36120978876971105,0.48478858629498917,0.1540016249352998
722,0.359072175321522,0.4875920054248633,0.1533358192536149
723,0.5238053903787043,0.40781590298726517,0.06837870663403064
724,0.03542424339058773,0.6248357225178403,0.3397400340915721
725,0.3080719401462795,0.4486996272931469,0.24322843256057403
726,0.17378802677650707,0.028560042044268694,0.7976519311792242
727,0.017726963093552713,0.6976402417400389,0.2846327951664095
728,0.4593863212278993,0.5287312634906034,0.011882415281497211
729,0.2552939806687384,0.7425327666646174,0.0021732526666446337
730,0.2038225861756805,0.576511613879755,0.2196657999445651
731,0.32643382474762356,0.3194173904799878,0.35414878477238865
732,0.219009600593576,0.13433823588519161,0.6466521635212322
733,0.04385672467999626,0.6137467682506735,0.34239650706932995
734,0.19885296321844864,0.7165044717255655,0.08464256505598564
735,0.4713797752349382,0.42902680870358295,0.09959341606147908
736,0.4206061306745676,0.5448075909240339,0.03458627840139824
737,0.16293450493376466,0.2874215582081252,0.5496439368581102
738,0.10154921212814946,0.2058218572427646,0.6926289306290861
739,0.15312008675338395,0.18856642547053887,0.6583134877760776
740,0.6034763687446768,0.18682721052838325,0.20969642072694006
741,0.42580387831630523,0.39100065166435616,0.18319547001933853
742,0.3046052943949443,0.45743621051133965,0.23795849509371583
743,0.4517160552365155,0.12172969186802596,0.4265542528954584
744,0.7214710084005175,0.07997044471876051,0.1985585468807219
745,0.5048839099540502,0.35121495418995,0.14390113585599967
746,0.1251380916172237,0.764863283995227,0.10999862438754934
747,0.3220760474776518,0.019067079453087884,0.6588568730692599
748,0.5594837994674916,0.3681507175059264,0.07236548302658291
749,0.4198010319689979,0.3774995877709902,0.20269938026001239
750,0.4239288841780254,0.18468769535419052,0.39138342046778407
751,0.1701335843877233,0.5860439894714783,0.24382242614079846
752,0.15939273203439003,0.6837091876679801,0.1568980802976295
753,0.33986008450954197,0.39066702224355543,0.2694728932469025
754,0.5580153175688373,0.2694180578343963,0.17256662459676675
755,0.2561745738227918,0.6539344384737946,0.08989098770341308
756,0.3035757400788016,0.5463139065797175,0.15011035334148115
757,0.510717400739145,0.3953966315199227,0.09388596774093322
758,0.432458875238525,0.1951374449409682,0.3724036798205075
759,0.3714082400979672,0.050644898480202906,0.57794686142183
760,0.4284821081253769,0.3057192885997787,0.2657986032748443
761,0.03507119390203867,0.5668024955400301,0.3981263105579306
762,0.23199012338583766,0.2280657720102062,0.5399441046039565
763,0.38994332529927145,0.34629482785401755,0.2637618468467118
764,0.2607254949344244,0.5543708042859369,0.1849037007796385
765,0.1758907002300491,0.022997738440102472,0.8011115613298484
766,0.5359704574285991,0.34218608606567535,0.12184345650572555
767,0.22080804991587283,0.5875956752866148,0.1915962747975124
768,0.11613998177725177,0.6494404138258422,0.23441960439690585
769,0.5432464312762437,0.058358796153221634,0.398394772570535
770,0.3090826629021895,0.06391777892619102,0.6269995581716198
771,0.25245237867013076,0.1527850352884062,0.5947625860414629
772,0.4086060358453662,0.22965582214710573,0.361738142007528
773,0.4127111148885107,0.1835116865568538,0.4037771985546355
774,0.004474474248097763,0.7280275267935007,0.2674979989584011
775,0.6941682559930792,0.25953781448843705,0.046293929518483816
776,0.5458942853816457,0.15564243486280205,0.29846327975555176
777,0.2566556101194027,0.16664488925126456,0.5766995006293321
778,0.06791448443098747,0.7737163013430647,0.15836921422594763
779,0.5606938429499826,0.20559485368371133,0.23371130336630533
780,0.05392733998616451,0.5296614803950437,0.4164111796187923
781,0.1325252645707677,0.1736564573937442,0.693818278035488
782,0.10995415648148671,0.8804451939175171,0.009600649600994542
783,0.424339904619862,0.4196669472229058,0.15599314815723236
784,0.7206924206874213,0.22216951808628743,0.05713806122629101
785,0.3025928705104672,0.5350040824125624,0.16240304707697023
786,0.0809271082429461,0.7658465755428558,0.15322631621419833
787,0.6068400400014028,0.3500230418074652,0.043136918191131406
788,0.30633433965276075,0.45222772650673304,0.24143793384050663
789,0.6132010835832155,0.095319380694292,0.2914795357224921
790,0.48188361785695183,0.5171836895297661,0.0009326926132819023
791,0.27319700015038473,0.23507491770081404,0.49172808214880115
792,0.36610877167811123,0.5447629116075461,0.08912831671434247
793,0.6855102753949223,0.3057493681483319,0.008740356456745839
794,0.2766595127479446,0.16127341408306103,0.5620670731689946
795,0.18579871523009264,0.6573513465906161,0.15684993817929146
796,0.4587757391243367,0.293933794561996,0.24729046631366727
797,0.26618628251458787,0.07148098047821191,0.6623327370072
798,0.645379470584594,0.18388629101090462,0.17073423840450083
799,0.44238754798909463,0.19322993043450645,0.36438252157639917
800,0.2841441091241436,0.6331883063414699,0.08266758453438651
801,0.24455928572994745,0.09055057198047337,0.6648901422895791
802,0.4517392136508846,0.26096730876966645,0.2872934775794489
803,0.21621362922007248,0.41801209798857253,0.36577427279135516
804,0.3155494396808373,0.5819149537439633,0.10253560657519994
805,0.4564728432265445,0.08300021961477508,0.4605269371586803
806,0.17518623348717624,0.5019514365695041,0.32286232994331976
807,0.606156319525144,0.38314402562269406,0.01069965485216222
808,0.35464003199656147,0.16777832759543562,0.47758164040800266
809,0.25736395841669457,0.5054204609978206,0.2372155805854849
810,0.41417566752724244,0.02290397225614671,0.5629203602166107
811,0.0771609751330043,0.2561580636011726,0.6666809612658233
812,0.20876824043537368,0.5152369520843139,0.2759948074803125
813,0.48289306753334565,0.4662772148549401,0.050829717611714245
814,0.5817267234167571,0.39556172680147855,0.02271154978176417
815,0.49349385884854635,0.3874653193139051,0.11904082183754859
816,0.7328014913860518,0.2349573679848311,0.03224114062911708
817,0.3424278483607438,0.3104398918375849,0.34713225980167123
818,0.0771412040591679,0.6686635845246548,0.2541952114161774
819,0.3621138155382574,0.4189273474716003,0.21895883699014254
820,0.2575714324347538,0.4799091191755728,0.26251944838967356
821,0.31052403196366096,0.07057571528736298,0.6189002527489755
822,0.4348969652768315,0.2955418934571375,0.2695611412660317
823,0.5896260375644722,0.1713285231762118,0.23904543925931612
824,0.0025946473421838284,0.6121570454330146,0.3852483072248018
825,0.6522046021344073,0.11519620476794235,0.23259919309764968
826,0.5100718077314912,0.25271100496046495,0.23721718730804445
827,0.3435418399995827,0.5802182605072138,0.07623989949320313
828,0.4348633482565863,0.4628699984138583,0.10226665332955552
829,0.2695343478408167,0.7195687042098388,0.010896947949344258
830,0.14012217064646018,0.3291771969207205,0.5307006324328197
831,0.28641002385808007,0.19064055018414994,0.5229494259577704
832,0.42560555794514926,0.5059249314882404,0.06846951056661064
833,0.16044573860547,0.27376053049492993,0.5657937308996006
834,0.3580316344570466,0.30494208828702124,0.3370262772559321
835,0.01438494021023128,0.3798241407394754,0.605790919050294
836,0.33003342381494016,0.16347619618344622,0.5064903800016133
837,0.07439344635969829,0.4630660346231171,0.4625405190171852
838,0.2864613508212461,0.43845951328404714,0.27507913589470634
839,0.13723169499385238,0.04949130769603434,0.8132769973101126
840,0.8597271940185441,0.035122224118245816,0.10515058186321051
841,0.49422047171043637,0.28683162059533085,0.21894790769423292
842,0.6601372105119919,0.13237046093475643,0.20749232855325125
843,0.42452967033888833,0.3901397670256156,0.18533056263549708
844,0.7314679633523965,0.04352365830456161,0.2250083783430417
845,0.05682956006483656,0.6648330065393682,0.27833743339579486
846,0.5432413350452611,0.4467891497751333,0.009969515179605228
847,0.4372503449211093,0.15961659083724342,0.4031330642416479
848,0.25907508383181566,0.0027924386394862334,0.7381324775286984
849,0.04772613111784979,7.702744619965048e-05,0.9521968414359508
850,0.05970900929205167,0.011424887446919843,0.9288661032610278
851,0.43577895408829803,0.40075381348377237,0.16346723242793043
852,0.2991324617908355,0.6141875620973618,0.08667997611180286
853,0.669904838959822,0.3167113337762323,0.013383827263945516
854,0.08746495265000055,0.7264502866127865,0.18608476073721317
855,0.33315460127728913,0.588695203440292,0.07815019528241857
856,0.3358056463448148,0.3361229763815955,0.3280713772735898
857,0.11479753143965396,0.5801202245967989,0.30508224396354716
858,0.4087270172934789,0.48815156914146696,0.10312141356505437
859,0.07022696618471262,0.23486002265698552,0.694913011158302
860,0.4522871815430006,0.5433538363202848,0.004358982136715162
861,0.32693726787789507,0.10301141227820586,0.5700513198438992
862,0.5519622833920561,0.05547590080654106,0.39256181580140226
863,0.23902189814614064,0.05692463018840074,0.7040534716654583
864,0.6049081939300713,0.016185337030163144,0.3789064690397666
865,0.05183119038050079,0.1101393419488147,0.8380294676706846
866,0.11247174489433114,0.6192243004852739,0.26830395462039514
867,0.26470066401715603,0.05611837567943707,0.6791809603034072
868,0.1937870249219197,0.3231825914816637,0.4830303835964165
869,0.04422158552084715,0.5728034478990813,0.38297496658007085
870,0.2619189781001802,0.45982853391237605,0.2782524879874422
871,0.7689890379537524,0.13109615048997567,0.09991481155627117
872,0.6181009352931015,0.24286443706106278,0.13903462764583552
873,0.15494280962927504,0.4780086220657987,0.3670485683049264
874,0.118296168166546,0.6275935881768496,0.25411024365660456
875,0.5263483698809062,0.053226141417306264,0.42042548870178714
876,0.3015210609505786,0.17442170031045517,0.524057238738966
877,0.3986033969990803,0.4226683926741492,0.17872821032677047
878,0.36067402473415733,0.41843588595317655,0.22089008931266635
879,0.2943648815527143,0.6400426089907808,0.06559250945650483
880,0.35483284340017757,0.44838516580174353,0.19678199079808073
881,0.16804888777058485,0.25567200841196996,0.576279103817446
882,0.3393119287265204,0.17235369929548933,0.48833437197799007
883,0.43372194957366283,0.3167440081811942,0.2495340422451423
884,0.42571400784661756,0.12557875529203294,0.44870723686134917
885,0.4647367362892448,0.46980972666551696,0.06545353704523897
886,0.52388347331074,0.30380432919581035,0.17231219749345011
887,0.17919288809685835,0.1366665523732455,0.6841405595298965
888,0.36469280992798314,0.30438414238052797,0.3309230476914891
889,0.4170224764472096,0.47103229396333046,0.1119452295894603
890,0.8872709797708253,0.045691411348142454,0.06703760888103223
891,0.08558752846037865,0.13724709769536986,0.777165373844252
892,0.6237039113860696,0.352285791720465,0.024010296893465188
893,0.6836538643907378,0.13178743756738256,0.1845586980418789
894,0.23315997961737858,0.6664325884681329,0.10040743191448842
895,0.052015029211214134,0.4304180008185588,0.5175669699702274
896,0.40708924614767544,0.2588695766665099,0.33404117718581416
897,0.40321652663508833,0.0027648172422911105,0.5940186561226208
898,0.35274019690780634,0.11921172982735277,0.528048073264841
899,0.09194128317317606,0.7140575542093822,0.19400116261744207
900,0.09392309183176162,0.5598611361764453,0.3462157719917931
901,0.4491708844111921,0.2157102667059528,0.33511884888285465
902,0.5762288652126355,0.23366765824242725,0.19010347654493714
903,0.5669661859498332,0.0575591211519312,0.3754746928982371
904,0.46995442445139884,0.23258916917304312,0.2974564063755575
905,0.7079324604567933,0.21339428110708156,0.07867325843612506
906,0.4432208168582584,0.311915076273369,0.24486410686837268
907,0.25439762251559506,0.011402482813351168,0.7341998946710542
908,0.39642563400330927,0.5623844745757755,0.041189891420915156
909,0.26458851724888166,0.09461838981061622,0.6407930929405026
910,0.26807790403545634,0.6698542541686797,0.062067841795863624
911,0.027511829411822973,0.6541862146293381,0.31830195595883914
912,0.49878353110354523,0.09622523427667129,0.40499123461978337
913,0.6783374108498201,0.30570104365534834,0.015961545494831805
914,0.5794177836002983,0.1337859292917823,0.2867962871079193
915,0.5723669834922582,0.29240008917953,0.13523292732821196
916,0.40530808070787433,0.4530401240313839,0.1416517952607416
917,0.1237086514683698,0.14134050348965724,0.734950845041973
918,0.4138846978831364,0.3300933799421582,0.25602192217470593
919,0.09937860919299114,0.6417646986165193,0.25885669219048907
920,0.5825539354601489,0.401114221506223,0.016331843033627367
921,0.48746273697310377,0.2863959872991257,0.22614127572777049
922,0.4296611066431393,0.42810769522304165,0.14223119813381888
923,0.5703719742847309,0.29293064619936404,0.1366973795159049
924,0.041399228810291754,0.6795049963178036,0.2790957748719043
925,0.09016672605679085,0.6326023506531808,0.2772309232900286
926,0.4846286863448889,0.49906330914291563,0.01630800451219519
927,0.5168550906565403,0.303274937073963,0.17986997226949716
928,0.25462017257284664,0.018011208400510754,0.7273686190266423
929,0.30111818612003394,0.4324719034022636,0.26640991047770224
930,0.31610725295379044,0.4060560884106749,0.27783665863553453
931,0.19266303259399978,0.5389479770698073,0.26838899033619207
932,0.7492743251528031,0.0706546676231324,0.18007100722406344
933,0.16648333798835904,0.41760749592341745,0.41590916608822254
934,0.2902488206622758,0.5799868625192836,0.129764316818441
935,0.30602801210360653,0.4553877900557418,0.238584197840652
936,0.05602323677275638,0.45050209000404423,0.4934746732231989
937,0.1582899875055127,0.7757170143595943,0.06599299813489291
938,0.7663007431731446,0.05803944041330771,0.175659816413548
939,0.15662796982099275,0.0473652833261668,0.7960067468528403
940,0.3311939198413661,0.2955178633225147,0.3732882168361192
941,0.3893359526627972,0.2079257882434696,0.40273825909373273
942,0.18166278621146978,0.22130763684571347,0.5970295769428166
943,0.27704195171856755,0.22936121581543237,0.4935968324659991
